{
  "id": 1,
  "messages": [
    {
      "type": "user_message",
      "message": {
        "role": "user",
        "content": "Hey. How are you doing? I just like to ask if I could get a refund on all the items I have."
      },
      "models": {
        "prosody": {
          "scores": {
            "Admiration": 0.02560967579483986,
            "Adoration": 0.019328298047184944,
            "Aesthetic Appreciation": 0.01100434735417366,
            "Amusement": 0.10582026094198227,
            "Anger": 0.038828324526548386,
            "Anxiety": 0.1348554491996765,
            "Awe": 0.002910950453951955,
            "Awkwardness": 0.7230127453804016,
            "Boredom": 0.011170141398906708,
            "Calmness": 0.08051186800003052,
            "Concentration": 0.30438104271888733,
            "Confusion": 0.22661182284355164,
            "Contemplation": 0.13462181389331818,
            "Contempt": 0.02402540296316147,
            "Contentment": 0.05434321239590645,
            "Craving": 0.011506244540214539,
            "Desire": 0.02216055616736412,
            "Determination": 0.2973178029060364,
            "Disappointment": 0.061820343136787415,
            "Disgust": 0.016028864309191704,
            "Distress": 0.028132691979408264,
            "Doubt": 0.24071280658245087,
            "Ecstasy": 0.010577110573649406,
            "Embarrassment": 0.06804858893156052,
            "Empathic Pain": 0.002618905156850815,
            "Entrancement": 0.0018768667941913009,
            "Envy": 0.03153478726744652,
            "Excitement": 0.17657916247844696,
            "Fear": 0.010068276897072792,
            "Guilt": 0.012738870456814766,
            "Horror": 0.0015055660624057055,
            "Interest": 0.7265943288803101,
            "Joy": 0.06926186382770538,
            "Love": 0.014530283398926258,
            "Nostalgia": 0.017356758937239647,
            "Pain": 0.002513977000489831,
            "Pride": 0.09206523001194,
            "Realization": 0.013249985873699188,
            "Relief": 0.01413575280457735,
            "Romance": 0.028103675693273544,
            "Sadness": 0.0044149900786578655,
            "Satisfaction": 0.08343954384326935,
            "Shame": 0.022088302299380302,
            "Surprise (negative)": 0.016514183953404427,
            "Surprise (positive)": 0.07805491983890533,
            "Sympathy": 0.017525577917695045,
            "Tiredness": 0.010683846659958363,
            "Triumph": 0.09336865693330765
          }
        }
      },
      "from_text": false,
      "receivedAt": "2024-06-23T03:23:07.651Z"
    }
  ]
}
