{
  "type": "user_message",
  "message": {
    "role": "user",
    "content": "Yeah. I'm not really sure if, it's my mistake but there's a shipment has arrived. It's about a week of delay."
  },
  "models": {
    "prosody": {
      "scores": {
        "Admiration": 0.007326405495405197,
        "Adoration": 0.006222675554454327,
        "Aesthetic Appreciation": 0.005535561125725508,
        "Amusement": 0.02043449506163597,
        "Anger": 0.006410160101950169,
        "Anxiety": 0.05830110237002373,
        "Awe": 0.005408893339335918,
        "Awkwardness": 0.14714793860912323,
        "Boredom": 0.022269785404205322,
        "Calmness": 0.2289874106645584,
        "Concentration": 0.19183962047100067,
        "Confusion": 0.09737292677164078,
        "Contemplation": 0.5285040736198425,
        "Contempt": 0.0070616379380226135,
        "Contentment": 0.054242443293333054,
        "Craving": 0.0034899048041552305,
        "Desire": 0.0020441683009266853,
        "Determination": 0.027753492817282677,
        "Disappointment": 0.10513472557067871,
        "Disgust": 0.005493527743965387,
        "Distress": 0.0342450775206089,
        "Doubt": 0.3544730842113495,
        "Ecstasy": 0.004132547415792942,
        "Embarrassment": 0.04153672233223915,
        "Empathic Pain": 0.009471417404711246,
        "Entrancement": 0.014280128292739391,
        "Envy": 0.0035570492036640644,
        "Excitement": 0.010333720594644547,
        "Fear": 0.006975485943257809,
        "Guilt": 0.03202981501817703,
        "Horror": 0.0019244998693466187,
        "Interest": 0.05931057035923004,
        "Joy": 0.03852510824799538,
        "Love": 0.002419669646769762,
        "Nostalgia": 0.02134043350815773,
        "Pain": 0.006842367351055145,
        "Pride": 0.009787415154278278,
        "Realization": 0.14831191301345825,
        "Relief": 0.050243038684129715,
        "Romance": 0.0029969855677336454,
        "Sadness": 0.04158153757452965,
        "Satisfaction": 0.07243218272924423,
        "Shame": 0.050838809460401535,
        "Surprise (negative)": 0.006030278280377388,
        "Surprise (positive)": 0.017323335632681847,
        "Sympathy": 0.015212212689220905,
        "Tiredness": 0.03725145757198334,
        "Triumph": 0.016117088496685028
      }
    }
  },
  "from_text": false,
  "receivedAt": "2024-06-23T03:32:28.158Z"
}
